segment,total_amount,average_amount
CORPORATE,2199669.14,23400.735531914896
PRIVATE,1448452.61,19841.816575342466
RETAIL,5804378.77,24699.484127659573
SME,2191602.56,24083.544615384617
